企業名,業界・特徴,所在地,メールアドレス,企業URL,リモート可否
株式会社enechain,エネルギー,東京都,contact@enechain.co.jp,https://enechain.co.jp,可
クロスビット,SaaS,不明,info@crossbit.co.jp,https://crossbit.co.jp,可
プレカル,医療関連ソフトウェア,不明,support@precal.jp,https://precal.jp,不明
SmartHR,HR Tech,東京都,hello@smarthr.co.jp,https://smarthr.co.jp,可
Gaia Vision,DeepTech,東京都,info@gaiavision.jp,https://gaiavision.jp,可
Neural X,DeepTech,不明,contact@neuralx.jp,https://neuralx.jp,可
Craif,医療関連,東京都,support@craif.jp,https://craif.jp,可
TOMUSHI,環境スタートアップ,東京都,info@tomushi.jp,https://tomushi.jp,可
アスエネ,クライメートテック,東京都,contact@asuene.jp,https://asuene.jp,可
TERASS,不動産Tech,東京都,info@terass.jp,https://terass.jp,可
株式会社enechain,エネルギー,東京都,contact@enechain.co.jp,https://enechain.co.jp,可
クロスビット,SaaS,不明,info@crossbit.co.jp,https://crossbit.co.jp,可
プレカル,医療関連ソフトウェア,不明,support@precal.jp,https://precal.jp,不明
SmartHR,HR Tech,東京都,hello@smarthr.co.jp,https://smarthr.co.jp,可
Gaia Vision,DeepTech,東京都,info@gaiavision.jp,https://gaiavision.jp,可
Neural X,DeepTech,不明,contact@neuralx.jp,https://neuralx.jp,可
Craif,医療関連,東京都,support@craif.jp,https://craif.jp,可
TOMUSHI,環境スタートアップ,東京都,info@tomushi.jp,https://tomushi.jp,可
アスエネ,クライメートテック,東京都,contact@asuene.jp,https://asuene.jp,可
TERASS,不動産Tech,東京都,info@terass.jp,https://terass.jp,可
株式会社enechain,エネルギー,東京都,contact@enechain.co.jp,https://enechain.co.jp,可
クロスビット,SaaS,不明,info@crossbit.co.jp,https://crossbit.co.jp,可
プレカル,医療関連ソフトウェア,不明,support@precal.jp,https://precal.jp,不明
SmartHR,HR Tech,東京都,hello@smarthr.co.jp,https://smarthr.co.jp,可
Gaia Vision,DeepTech,東京都,info@gaiavision.jp,https://gaiavision.jp,可
Neural X,DeepTech,不明,contact@neuralx.jp,https://neuralx.jp,可
Craif,医療関連,東京都,support@craif.jp,https://craif.jp,可
TOMUSHI,環境スタートアップ,東京都,info@tomushi.jp,https://tomushi.jp,可
アスエネ,クライメートテック,東京都,contact@asuene.jp,https://asuene.jp,可
TERASS,不動産Tech,東京都,info@terass.jp,https://terass.jp,可
株式会社enechain,エネルギー,東京都,contact@enechain.co.jp,https://enechain.co.jp,可
クロスビット,SaaS,不明,info@crossbit.co.jp,https://crossbit.co.jp,可
プレカル,医療関連ソフトウェア,不明,support@precal.jp,https://precal.jp,不明
SmartHR,HR Tech,東京都,hello@smarthr.co.jp,https://smarthr.co.jp,可
Gaia Vision,DeepTech,東京都,info@gaiavision.jp,https://gaiavision.jp,可
Neural X,DeepTech,不明,contact@neuralx.jp,https://neuralx.jp,可
Craif,医療関連,東京都,support@craif.jp,https://craif.jp,可
TOMUSHI,環境スタートアップ,東京都,info@tomushi.jp,https://tomushi.jp,可
アスエネ,クライメートテック,東京都,contact@asuene.jp,https://asuene.jp,可
TERASS,不動産Tech,東京都,info@terass.jp,https://terass.jp,可
株式会社enechain,エネルギー,東京都,contact@enechain.co.jp,https://enechain.co.jp,可
クロスビット,SaaS,不明,info@crossbit.co.jp,https://crossbit.co.jp,可
プレカル,医療関連ソフトウェア,不明,support@precal.jp,https://precal.jp,不明
SmartHR,HR Tech,東京都,hello@smarthr.co.jp,https://smarthr.co.jp,可
Gaia Vision,DeepTech,東京都,info@gaiavision.jp,https://gaiavision.jp,可
Neural X,DeepTech,不明,contact@neuralx.jp,https://neuralx.jp,可
Craif,医療関連,東京都,support@craif.jp,https://craif.jp,可
TOMUSHI,環境スタートアップ,東京都,info@tomushi.jp,https://tomushi.jp,可
アスエネ,クライメートテック,東京都,contact@asuene.jp,https://asuene.jp,可
TERASS,不動産Tech,東京都,info@terass.jp,https://terass.jp,可
株式会社enechain,エネルギー,東京都,contact@enechain.co.jp,https://enechain.co.jp,可
クロスビット,SaaS,不明,info@crossbit.co.jp,https://crossbit.co.jp,可
プレカル,医療関連ソフトウェア,不明,support@precal.jp,https://precal.jp,不明
SmartHR,HR Tech,東京都,hello@smarthr.co.jp,https://smarthr.co.jp,可
Gaia Vision,DeepTech,東京都,info@gaiavision.jp,https://gaiavision.jp,可
Neural X,DeepTech,不明,contact@neuralx.jp,https://neuralx.jp,可
Craif,医療関連,東京都,support@craif.jp,https://craif.jp,可
TOMUSHI,環境スタートアップ,東京都,info@tomushi.jp,https://tomushi.jp,可
アスエネ,クライメートテック,東京都,contact@asuene.jp,https://asuene.jp,可
TERASS,不動産Tech,東京都,info@terass.jp,https://terass.jp,可
株式会社enechain,エネルギー,東京都,contact@enechain.co.jp,https://enechain.co.jp,可
クロスビット,SaaS,不明,info@crossbit.co.jp,https://crossbit.co.jp,可
プレカル,医療関連ソフトウェア,不明,support@precal.jp,https://precal.jp,不明
SmartHR,HR Tech,東京都,hello@smarthr.co.jp,https://smarthr.co.jp,可
Gaia Vision,DeepTech,東京都,info@gaiavision.jp,https://gaiavision.jp,可
Neural X,DeepTech,不明,contact@neuralx.jp,https://neuralx.jp,可
Craif,医療関連,東京都,support@craif.jp,https://craif.jp,可
TOMUSHI,環境スタートアップ,東京都,info@tomushi.jp,https://tomushi.jp,可
アスエネ,クライメートテック,東京都,contact@asuene.jp,https://asuene.jp,可
TERASS,不動産Tech,東京都,info@terass.jp,https://terass.jp,可
株式会社enechain,エネルギー,東京都,contact@enechain.co.jp,https://enechain.co.jp,可
クロスビット,SaaS,不明,info@crossbit.co.jp,https://crossbit.co.jp,可
プレカル,医療関連ソフトウェア,不明,support@precal.jp,https://precal.jp,不明
SmartHR,HR Tech,東京都,hello@smarthr.co.jp,https://smarthr.co.jp,可
Gaia Vision,DeepTech,東京都,info@gaiavision.jp,https://gaiavision.jp,可
Neural X,DeepTech,不明,contact@neuralx.jp,https://neuralx.jp,可
Craif,医療関連,東京都,support@craif.jp,https://craif.jp,可
TOMUSHI,環境スタートアップ,東京都,info@tomushi.jp,https://tomushi.jp,可
アスエネ,クライメートテック,東京都,contact@asuene.jp,https://asuene.jp,可
TERASS,不動産Tech,東京都,info@terass.jp,https://terass.jp,可
株式会社enechain,エネルギー,東京都,contact@enechain.co.jp,https://enechain.co.jp,可
クロスビット,SaaS,不明,info@crossbit.co.jp,https://crossbit.co.jp,可
プレカル,医療関連ソフトウェア,不明,support@precal.jp,https://precal.jp,不明
SmartHR,HR Tech,東京都,hello@smarthr.co.jp,https://smarthr.co.jp,可
Gaia Vision,DeepTech,東京都,info@gaiavision.jp,https://gaiavision.jp,可
Neural X,DeepTech,不明,contact@neuralx.jp,https://neuralx.jp,可
Craif,医療関連,東京都,support@craif.jp,https://craif.jp,可
TOMUSHI,環境スタートアップ,東京都,info@tomushi.jp,https://tomushi.jp,可
アスエネ,クライメートテック,東京都,contact@asuene.jp,https://asuene.jp,可
TERASS,不動産Tech,東京都,info@terass.jp,https://terass.jp,可
株式会社enechain,エネルギー,東京都,contact@enechain.co.jp,https://enechain.co.jp,可
クロスビット,SaaS,不明,info@crossbit.co.jp,https://crossbit.co.jp,可
プレカル,医療関連ソフトウェア,不明,support@precal.jp,https://precal.jp,不明
SmartHR,HR Tech,東京都,hello@smarthr.co.jp,https://smarthr.co.jp,可
Gaia Vision,DeepTech,東京都,info@gaiavision.jp,https://gaiavision.jp,可
Neural X,DeepTech,不明,contact@neuralx.jp,https://neuralx.jp,可
Craif,医療関連,東京都,support@craif.jp,https://craif.jp,可
TOMUSHI,環境スタートアップ,東京都,info@tomushi.jp,https://tomushi.jp,可
アスエネ,クライメートテック,東京都,contact@asuene.jp,https://asuene.jp,可
TERASS,不動産Tech,東京都,info@terass.jp,https://terass.jp,可
