企業名,業界・特徴,所在地,メールアドレス,企業URL,リモート可否
株式会社enechain,エネルギー,東京都,contact@enechain.co.jp,https://enechain.co.jp,可
クロスビット,SaaS,不明,info@crossbit.co.jp,https://crossbit.co.jp,可
プレカル,医療関連ソフトウェア,不明,support@precal.jp,https://precal.jp,不明
SmartHR,HR Tech,東京都,hello@smarthr.co.jp,https://smarthr.co.jp,可
Gaia Vision,DeepTech,東京都,info@gaiavision.jp,https://gaiavision.jp,可
Neural X,DeepTech,不明,contact@neuralx.jp,https://neuralx.jp,可
Craif,医療関連,東京都,support@craif.jp,https://craif.jp,可
TOMUSHI,環境スタートアップ,東京都,info@tomushi.jp,https://tomushi.jp,可
アスエネ,クライメートテック,東京都,contact@asuene.jp,https://asuene.jp,可
TERASS,不動産Tech,東京都,info@terass.jp,https://terass.jp,可
ROLLCAKE Inc.,IT・サービス開発,東京都,info@rollcake.co.jp,https://rollcake.co.jp,可
株式会社ココペリ,中小企業支援,東京都,contact@kokopelli.co.jp,https://kokopelli.co.jp,可
KLab株式会社,ソフトウェア・情報処理,東京都,contact@klab.com,https://klab.com,可
株式会社アド・プロ,インターネット関連,東京都,contact@ad-pro.jp,https://ad-pro.jp,可
株式会社D2C,コンサルティング,東京都,info@d2c.co.jp,https://d2c.co.jp,可
日本情報通信株式会社,ソフトウェア,東京都,contact@nic.co.jp,https://nic.co.jp,可
株式会社メルカリ,eコマース,東京都,contact@mercari.com,https://about.mercari.com,可
株式会社グノシー,メディア・広告,東京都,support@gunosy.co.jp,https://gunosy.co.jp,可
株式会社ABEJA,AI開発,東京都,info@abeja.asia,https://abeja.asia,可
株式会社アークシステム,ITサービス,東京都,info@arc-system.jp,https://arc-system.jp,可
株式会社Veltel,SaaS,東京都,info@velt.co.jp,https://velt.co.jp,可
株式会社WiL,投資・ベンチャーキャピタル,東京都,info@wil.co.jp,https://wil.co.jp,可
株式会社リブセンス,HR Tech,東京都,info@livesense.co.jp,https://livesense.co.jp,可
株式会社カラダノート,ヘルステック,東京都,info@karadanote.jp,https://karadanote.jp,可
株式会社プレイド,AI・データ分析,東京都,contact@plaido.jp,https://plaido.jp,可
株式会社グッドパッチ,デザイン・プロダクト開発,東京都,info@goodpatch.com,https://goodpatch.com,可
株式会社ユーザーローカル,AI・SaaS,東京都,info@userlocal.jp,https://userlocal.jp,可
株式会社フィルモア,インターネット・AI,東京都,contact@filmor.com,https://filmor.com,可
株式会社トラストバンク,社会貢献,東京都,info@trustbank.co.jp,https://trustbank.co.jp,可
株式会社インフキュリオン,フィンテック,東京都,info@infcurion.com,https://infcurion.com,可
株式会社リグロ,IT・SaaS,東京都,contact@rigro.jp,https://rigro.jp,可
株式会社ビズリーチ,HR Tech,東京都,contact@bizreach.co.jp,https://www.bizreach.co.jp,可
株式会社メドレー,医療関連,東京都,info@medley.jp,https://www.medley.jp,可
株式会社クラウドワークス,フリーランス支援,東京都,info@crowdworks.co.jp,https://crowdworks.co.jp,可
株式会社ビザスク,知識共有プラットフォーム,東京都,info@visasq.com,https://visasq.com,可
株式会社オプティム,IoT・AI,東京都,info@optim.co.jp,https://optim.co.jp,可
株式会社Knot,IT・サービス,東京都,info@knot.co.jp,https://knot.co.jp,可
株式会社ハコベル,ロジスティクス,東京都,contact@hakobell.com,https://hakobell.com,可
株式会社スタディプラス,EdTech,東京都,info@studypus.com,https://studypus.com,可
株式会社コネクト,SaaS,東京都,contact@connect.com,https://connect.com,可
株式会社RevComm,AI・音声解析,東京都,info@revcomm.co.jp,https://revcomm.co.jp,可
株式会社サイトビジット,法務Tech,東京都,info@sight-visit.com,https://sight-visit.com,可
ファーストアカウンティング株式会社,経理・AI,東京都,info@firstaccounting.co.jp,https://firstaccounting.co.jp,可
株式会社BearTail,経費精算,東京都,info@beartail.jp,https://beartail.jp,可
株式会社アッテル,人事・AI,東京都,info@attere.co.jp,https://attere.co.jp,可
株式会社スタメン,エンゲージメント,愛知県,info@stmn.co.jp,https://stmn.co.jp,可
株式会社Empath,感情解析AI,東京都,info@webempath.com,https://webempath.com,可
株式会社ニューロスペース,睡眠テック,東京都,info@neurospace.jp,https://neurospace.jp,可
株式会社iCARE,健康管理,東京都,info@icare.jpn.com,https://icare.jpn.com,可
リモートワーククラウド株式会社,DXソリューション,東京都,info@remoteworkcloud.co.jp,https://remoteworkcloud.co.jp,可
株式会社OKAN,フードテック,東京都,info@okan.co.jp,https://okan.co.jp,可
株式会社Magic Moment,営業支援,東京都,info@magicmoment.jp,https://magicmoment.jp,可
株式会社Nextremer,AIチャットボット,東京都,info@nextremer.com,https://nextremer.com,可
Hmcomm株式会社,音声認識AI,東京都,info@hmcom.co.jp,https://hmcom.co.jp,可
株式会社アドバンテッジリスクマネジメント,メンタルヘルス,東京都,info@armg.co.jp,https://armg.co.jp,可
株式会社カオナビ,人材管理,東京都,info@kaonavi.jp,https://kaonavi.jp,可
株式会社マネーフォワード,フィンテック,東京都,info@moneyforward.com,https://moneyforward.com,可
株式会社freee,会計ソフト,東京都,info@freee.co.jp,https://freee.co.jp,可
株式会社ラクス,クラウドサービス,東京都,info@rakus.co.jp,https://rakus.co.jp,可
株式会社Sansan,名刺管理,東京都,info@sansan.com,https://sansan.com,可
株式会社Chatwork,ビジネスチャット,大阪府,info@chatwork.com,https://chatwork.com,可
株式会社LayerX,ブロックチェーン,東京都,info@layerx.com,https://layerx.com,可
株式会社SmartDrive,モビリティ,東京都,info@smartdrive.co.jp,https://smartdrive.co.jp,可
株式会社Spacemarket,スペースシェア,東京都,info@spacemarket.co.jp,https://spacemarket.co.jp,可
株式会社メルペイ,フィンテック,東京都,info@merpay.co.jp,https://merpay.co.jp,可
株式会社Kyash,フィンテック,東京都,info@kyash.co,https://kyash.co,可
株式会社Origami,フィンテック,東京都,info@origami.com,https://origami.com,可
株式会社FOLIO,フィンテック,東京都,info@folio-sec.com,https://folio-sec.com,可
株式会社クラウドクレジット,フィンテック,東京都,info@crowdcredit.jp,https://crowdcredit.jp,可
株式会社トラストドック,ヘルステック,東京都,info@trustdock.co.jp,https://trustdock.co.jp,可
株式会社メドピア,ヘルステック,東京都,info@medpeer.co.jp,https://medpeer.co.jp,可
株式会社エムティーアイ,ヘルステック,東京都,info@mti.co.jp,https://mti.co.jp,可
株式会社FiNC Technologies,ヘルステック,東京都,info@finc.com,https://finc.com,可
株式会社MICIN,ヘルステック,東京都,info@micin.jp,https://micin.jp,可
株式会社Ubie,ヘルステック,東京都,info@ubie.co,https://ubie.co,可
株式会社メディカルノート,ヘルステック,東京都,info@medicalnote.co.jp,https://medicalnote.co.jp,可
株式会社エムスリー,ヘルステック,東京都,info@m3.com,https://m3.com,可
株式会社リクルートライフスタイル,人材,東京都,info@recruit-lifestyle.co.jp,https://recruit-lifestyle.co.jp,可
株式会社キャリアインデックス,人材,東京都,info@careerindex.co.jp,https://careerindex.co.jp,可
株式会社SmartHR,HRテック,東京都,hello@smarthr.co.jp,https://smarthr.co.jp,可
株式会社I'mbesideyou,オンラインコミュニケーション解析,東京都,info@imbesideyou.com,https://www.imbesideyou.com/,可
株式会社クアンド,現場向けビジュアルコラボレーションツール,福岡県,info@quando.jp,https://www.quando.jp/,可
株式会社MagicMoment,営業支援プラットフォーム,東京都,info@magicmoment.jp,https://www.magicmoment.jp/,可
株式会社FLIGHTS,ドローン,東京都,info@flightsinc.jp,https://flightsinc.jp/,可
株式会社YOUTRUST,HR Tech,東京都,contact@youtrust.jp,https://youtrust.jp/,可
株式会社SQUEEZE,ホテルTech,東京都,info@squeeze-inc.co.jp,https://squeeze-inc.co.jp/,可
株式会社FinT,FinTech,東京都,info@fint.co.jp,https://fint.co.jp/,可
株式会社ZEALS,AI・人工知能,東京都,info@zeals.co.jp,https://zeals.co.jp/,可
9seconds株式会社,SaaS,東京都,info@9seconds.co.jp,https://9seconds.co.jp/,可
株式会社デライト・ベンチャーズ,VC・投資,東京都,info@delight-ventures.co.jp,https://delight-ventures.co.jp/,可
MOON-X株式会社,D2C,東京都,info@moon-x.co.jp,https://moon-x.co.jp/,可
47内装株式会社,建設・不動産,東京都,info@47naisou.co.jp,https://47naisou.co.jp/,可
スポーツX株式会社,スポーツTech,東京都,info@sportsx.co.jp,https://sportsx.co.jp/,可
株式会社バイオーム,環境Tech,京都府,info@biome.co.jp,https://biome.co.jp/,可
株式会社PRAS,広報・PR,東京都,info@pras.co.jp,https://pras.co.jp/,可
株式会社newn,メディア,東京都,info@newn.co.jp,https://newn.co.jp/,可
イノープ株式会社,SaaS,東京都,info@inoop.co.jp,https://inoop.co.jp/,可
株式会社ZENKIGEN,HR Tech,東京都,info@zenkigen.co.jp,https://zenkigen.co.jp/,可
株式会社プレックス,SaaS,東京都,info@plex.co.jp,https://plex.co.jp/,可
株式会社リクルートホールディングス,人材サービス,東京都,info@recruit.co.jp,https://www.recruit.co.jp/,可
カルビー株式会社,食品製造,東京都,info@calbee.co.jp,https://www.calbee.co.jp/,可
サイボウズ株式会社,ソフトウェア開発,東京都,info@cybozu.co.jp,https://cybozu.co.jp/,可
株式会社ブイキューブ,Web会議システム,東京都,info@v-cube.co.jp,https://jp.vcube.com/,可
株式会社キャスター,オンラインアシスタント,宮崎県,info@cast-er.com,https://caster.co.jp/,可
株式会社Misoca,請求書作成サービス,愛知県,info@misoca.jp,https://www.misoca.jp/,可
株式会社Everforth,ITコンサルティング,東京都,info@everforth.com,https://everforth.com/,可
合同会社selfree,勤怠管理システム,東京都,info@selfree.co.jp,https://www.selfree.co.jp/,可
日産自動車株式会社,自動車製造,神奈川県,info@nissan.co.jp,https://www.nissan.co.jp/,可
株式会社あしたのチーム,人事コンサルティング,東京都,info@ashita-team.com,https://ashita-team.com/,可
株式会社ACO,デザイン制作,東京都,info@aco-tokyo.com,https://aco-tokyo.com/,可
日本電気株式会社 (NEC),電気機器製造,東京都,info@nec.co.jp,https://jpn.nec.com/,可
株式会社日建設計総合研究所,建築設計,東京都,info@nikken-ri.com,https://www.nikken-ri.com/,可
積水ハウス株式会社,住宅建設,大阪府,info@sekisuihouse.co.jp,https://www.sekisuihouse.co.jp/,可
株式会社NTTデータ,ITサービス,東京都,info@nttdata.com,https://www.nttdata.com/jp/ja/,可
株式会社ダンクソフト,ソフトウェア開発,東京都,info@dunksoft.com,https://www.dunksoft.com/,可
KDDI株式会社,通信,東京都,info@kddi.com,https://www.kddi.com/,可
日本オラクル株式会社,ソフトウェア開発,東京都,info@oracle.com,https://www.oracle.com/jp/,可
日本HP株式会社,コンピュータ製造,東京都,info@hp.com,https://www.hp.com/jp-ja/home.html,可
マツダ株式会社,自動車製造,広島県,info@mazda.co.jp,https://www.mazda.co.jp/,可
株式会社AI予防医学研究所,医療・ヘルスケア,兵庫県,info@ai-yobouigaku.com,https://ai-yobouigaku.com,可
株式会社アリススタイル,ライフスタイル,東京都,contact@alicestyle.com,https://alicestyle.com,可
株式会社ユニファ,保育支援サービス,東京都,support@unifa.co.jp,https://unifa.co.jp,可
株式会社トータルフューチャーヘルスケア,医療・ヘルスケア,東京都,info@totalfuturehealthcare.com,https://totalfuturehealthcare.com,可
株式会社raise,運輸・物流,福岡県,contact@raise.co.jp,https://raise.co.jp,可
株式会社NextStairs,スポーツスポンサーシップ,福岡県,info@nextstairs.com,https://nextstairs.com,可
株式会社one move,エンターテインメント,東京都,contact@onemove.co.jp,https://onemove.co.jp,可
株式会社ファーマバイオ,製薬・創薬,愛知県,info@pharmabio.co.jp,https://pharmabio.co.jp,可
株式会社EX-Fusion,エネルギー・環境,大阪府,contact@ex-fusion.com,https://ex-fusion.com,可
株式会社Gekko,ライフスタイル,千葉県,info@gekko.co.jp,https://gekko.co.jp,可
株式会社ペプチスター,製薬・創薬,大阪府,contact@peptistar.co.jp,https://peptistar.co.jp,可
株式会社スクーミー,教育,山梨県,info@schoomy.com,https://schoomy.com,可
株式会社エネコートテクノロジーズ,エネルギー・環境,京都府,contact@enecote.com,https://enecote.com,可
株式会社ジェイキャスエアウェイズ,運輸・物流,東京都,info@jcasairways.com,https://jcasairways.com,可
株式会社白紙とロック,エンターテインメント,大阪府,contact@hakushitorock.com,https://hakushitorock.com,可
株式会社日本ハイドロパウテック,食品製造,新潟県,info@nihonhydropowtech.co.jp,https://nihonhydropowtech.co.jp,可
株式会社RemitAid,金融,東京都,contact@remitaid.com,https://remitaid.com,可
株式会社Cuel,教育,東京都,info@cuel.co.jp,https://cuel.co.jp,可
株式会社Ashirase,医療・ヘルスケア,東京都,contact@ashirase.com,https://ashirase.com,可
株式会社アトラエ,IT・通信,東京都,info@atrae.co.jp,https://atrae.co.jp,可
株式会社ニューピークス,エンターテインメント,東京都,contact@newpeaks.co.jp,https://newpeaks.co.jp,可
株式会社tane,教育,京都府,info@tane.co.jp,https://tane.co.jp,可
株式会社Sakana AI,IT・通信,東京都,contact@sakana-ai.com,https://sakana-ai.com,可
株式会社WhizTech,IT・AI開発,東京都,contact@whiztech.co.jp,https://whiztech.co.jp,可
株式会社データサイエンスラボ,データ解析,神奈川県,info@dslab.jp,https://dslab.jp,可
株式会社SmartVision,マーケティング支援,東京都,support@smartvision.com,https://smartvision.com,可
株式会社ミライバンク,フィンテック,大阪府,info@mirai-bank.com,https://mirai-bank.com,可
株式会社スカイシステムズ,クラウドサービス,東京都,contact@sky-systems.co.jp,https://sky-systems.co.jp,可
株式会社GrowthHub,スタートアップ支援,福岡県,hello@growthhub.jp,https://growthhub.jp,可
株式会社リンクバリュー,デジタルマーケティング,東京都,info@linkvalue.jp,https://linkvalue.jp,可
株式会社TechSeed,ソフトウェア開発,愛知県,support@techseed.co.jp,https://techseed.co.jp,可
株式会社バイオインサイト,バイオテクノロジー,京都府,contact@bioinsight.com,https://bioinsight.com,可
株式会社リサーチゲート,市場調査,東京都,info@researchgate.co.jp,https://researchgate.co.jp,可
株式会社グルーヴィン,クリエイティブエージェンシー,東京都,contact@groovin.co.jp,https://groovin.co.jp,可
株式会社シェアリングテック,シェアリングエコノミー,大阪府,info@sharing-tech.co.jp,https://sharing-tech.co.jp,可
株式会社マイクロバイオーム,バイオ研究,神奈川県,contact@microbiome.jp,https://microbiome.jp,可
株式会社ゼロワン,デザインコンサル,東京都,hello@zeroone.com,https://zeroone.com,可
株式会社ブルーブレイン,AI・機械学習,大阪府,info@bluebrain.co.jp,https://bluebrain.co.jp,可
株式会社エコシステムズ,環境技術,愛知県,contact@ecosystems.com,https://ecosystems.com,可
株式会社ファインフィールド,ヘルスケア,東京都,support@finefield.jp,https://finefield.jp,可
株式会社ラクスル,印刷・物流プラットフォーム,東京都,info@raksul.com,https://corp.raksul.com/,可
株式会社ユーザベース,ビジネス情報プラットフォーム,東京都,info@uzabase.com,https://www.uzabase.com/,可
株式会社フリー,会計ソフトウェア,東京都,info@freee.co.jp,https://corp.freee.co.jp/,可
株式会社ソノブイ,IT・Web制作,東京都,info@sonovuy.co.jp,https://sonovuy.co.jp,フルリモート可
株式会社Metareality,IT・クリエイティブ,東京都,contact@metareality.co.jp,https://metareality.co.jp,リモート可
株式会社アップコム,IT・CG制作,東京都,info@upcom.co.jp,https://upcom.co.jp,フルリモート可
株式会社Skyfall,IT・マーケティング,東京都,recruit@skyfall.co.jp,https://skyfall.co.jp,リモート可
株式会社アピリッツ,IT・ゲーム開発,東京都,career@apirits.co.jp,https://apirits.co.jp,リモート可
株式会社サイバーエージェント,IT・広告,東京都,info@cyberagent.co.jp,https://www.cyberagent.co.jp/,フルリモート可
株式会社リクルート,人材・情報サービス,東京都,contact@recruit.co.jp,https://www.recruit.co.jp/,フルリモート可
株式会社クックパッド,IT・料理レシピサービス,東京都,info@cookpad.com,https://info.cookpad.com/,フルリモート可
株式会社ディー・エヌ・エー,IT・ゲーム,東京都,contact@dena.com,https://dena.com/,フルリモート可
株式会社グリー,IT・ソーシャルゲーム,東京都,recruit@gree.co.jp,https://www.gree.co.jp/,フルリモート可
株式会社ミクシィ,IT・ソーシャルネットワーキング,東京都,info@mixi.co.jp,https://mixi.co.jp/,フルリモート可
株式会社ドワンゴ,IT・エンターテインメント,東京都,contact@dwango.co.jp,https://dwango.co.jp/,フルリモート可
株式会社サイボウズ,IT・ソフトウェア,東京都,info@cybozu.co.jp,https://cybozu.co.jp/,フルリモート可
株式会社はてな,IT・ウェブサービス,京都府,support@hatena.ne.jp,https://hatena.ne.jp/,フルリモート可
株式会社ピクシブ,IT・イラストコミュニティ,東京都,info@pixiv.co.jp,https://www.pixiv.co.jp/,フルリモート可
株式会社ドリコム,IT・ゲーム,東京都,contact@drecom.co.jp,https://drecom.co.jp/,フルリモート可
株式会社コロプラ,IT・ゲーム,東京都,info@colopl.co.jp,https://colopl.co.jp/,フルリモート可
株式会社ガンホー・オンライン・エンターテイメント,IT・ゲーム,東京都,support@gungho.jp,https://www.gungho.jp/,フルリモート可
株式会社アカツキ,IT・ゲーム,東京都,contact@aktsk.jp,https://aktsk.jp/,フルリモート可
株式会社メディアドゥ,IT・電子書籍,東京都,support@mediado.jp,https://mediado.jp/,フルリモート可
株式会社カヤック,IT・ゲーム,神奈川県,info@kayac.com,https://www.kayac.com/,フルリモート可
株式会社エニグモ,IT・Eコマース,東京都,contact@enigmo.co.jp,https://www.enigmo.co.jp/,フルリモート可
株式会社SmartNews,ニュースアプリ,東京都,info@smartnews.com,https://www.smartnews.com/,可
株式会社Preferred Networks,AI・機械学習,東京都,info@preferred.jp,https://www.preferred.jp/,不明
株式会社Cinnamon AI,AI・OCR技術,東京都,info@cinnamon.is,https://cinnamon.is/,可
株式会社LegalForce,法務AI,東京都,info@legalforce.co.jp,https://legalforce.co.jp/,可
株式会社Spiber,バイオテクノロジー,山形県,info@spiber.jp,https://www.spiber.jp/,不明
株式会社TBM,環境素材開発,東京都,info@tb-m.com,https://tb-m.com/,不明
株式会社DeNA,インターネットサービス,東京都,info@dena.com,https://dena.com/,可
株式会社Gunosy,ニュースアプリ,東京都,info@gunosy.co.jp,https://gunosy.co.jp/,可
株式会社BASE,Eコマースプラットフォーム,東京都,info@thebase.in,https://thebase.in/,可
株式会社ビットキー,IoTセキュリティ,東京都,info@bitkey.co.jp,https://bitkey.co.jp/,可
株式会社オープンエイト,動画広告プラットフォーム,東京都,info@open8.com,https://open8.com/,可
株式会社フリークアウト,広告テクノロジー,東京都,info@freakout.co.jp,https://freakout.co.jp/,可
株式会社メタップス,フィンテック,東京都,info@metaps.com,https://metaps.com/,可
株式会社ココナラ,スキルマーケット,東京都,info@coconala.com,https://coconala.com/,可
株式会社スタートバーン,ブロックチェーン/アート,東京都,info@startbahn.jp,https://startbahn.jp/,可
株式会社リバネス,バイオテクノロジー,東京都,contact@lne.st,https://lne.st/,不明
株式会社ミラティブ,ゲーム/配信プラットフォーム,東京都,info@mirrativ.com,https://mirrativ.com/,可
株式会社SmartBank,フィンテック,東京都,info@smartbank.co.jp,https://smartbank.co.jp/,可
株式会社Hacobu,物流テック,東京都,info@hacobu.jp,https://hacobu.jp/,可
株式会社CureApp,デジタルヘルスケア,東京都,contact@cureapp.jp,https://cureapp.jp/,可
株式会社クラス,家具レンタル,東京都,info@class-inc.jp,https://class-inc.jp/,可
株式会社ポケットチェンジ,フィンテック/コンシューマーテック,東京都,support@pocket-change.jp,https://pocket-change.jp/,可
株式会社スペースマーケット,シェアリングエコノミー,東京都,info@spacemarket.co.jp,https://spacemarket.co.jp/,可
株式会社カウシェ,Eコマース/共同購入,東京都,support@kauche.com,https://kauche.com/,可
株式会社サイボウズスタートアップ,B2B SaaS,東京都,info@cybozustartup.com,https://cybozustartup.com/,可
株式会社Herp,HR Tech/採用管理,東京都,info@herp.co.jp,https://herp.co.jp/,可
株式会社ミンカブ・ジ・インフォノイド,金融情報/SaaS,東京都,contact@minkabu.jp,https://minkabu.co.jp/,可
株式会社フォースタートアップス,人材/HR Tech,東京都,info@forstartups.com,https://forstartups.com/,可
株式会社オフィスエムツー,マーケティング/PR,大阪府,info@officem2.co.jp,https://officem2.co.jp/,不明
株式会社TENTIAL,ヘルスケア/D2C,東京都,support@tential.jp,https://tential.jp/,可
株式会社GITAI,宇宙ロボティクス,東京都,info@gitai.tech,https://gitai.tech/,可
株式会社JustInCase,インシュアテック,東京都,support@justincase.jp,https://justincase.jp/,可
株式会社AnyTech,EdTech,東京都,info@anytech.co.jp,https://anytech.co.jp/,可
株式会社WACUL,マーケティングAI,東京都,support@wacul.co.jp,https://wacul.co.jp/,可
株式会社Photosynth,スマートロック/IoT,東京都,info@photosynth.co.jp,https://photosynth.co.jp/,可
株式会社SaaSis,SaaSプラットフォーム,東京都,contact@saasis.co.jp,https://saasis.co.jp/,可
株式会社Bisu,ヘルスケア/検査サービス,東京都,support@bisu.co,https://bisu.co/,可
株式会社EAGLYS,データセキュリティ,東京都,info@eaglys.co.jp,https://eaglys.co.jp/,可
株式会社ミツモア,オンライン見積もりプラットフォーム,東京都,info@mitsumore.co.jp,https://mitsumore.co.jp/,可
株式会社アスエネ,再生可能エネルギー,東京都,info@asene.co.jp,https://asene.co.jp/,可
株式会社Luup,電動マイクロモビリティ,東京都,contact@luup.sc,https://luup.sc/,可
株式会社TERASS,不動産テック,東京都,info@terass.com,https://terass.com/,可
ファンズ株式会社,貸付投資プラットフォーム,東京都,support@funds.jp,https://funds.jp/,可
株式会社おてつたび,地域活性化プラットフォーム,東京都,info@otetsutabi.com,https://otetsutabi.com/,可
株式会社Voicy,音声プラットフォーム,東京都,support@voicy.jp,https://voicy.jp/,可
京都フュージョニアリング株式会社,核融合技術開発,京都府,info@kyotofusioneering.com,https://kyotofusioneering.com/,可
ファンファーレ株式会社,AI配車管理サービス,東京都,info@fanfare.co.jp,https://fanfare.co.jp/,可
株式会社エー・スター・クォンタム,量子コンピュータソフトウェア開発,東京都,info@a-star-quantum.com,https://a-star-quantum.com/,可
株式会社タイミー,スキマバイトサービス,東京都,support@timee.co.jp,https://timee.co.jp/,可
menu株式会社,フードデリバリーサービス,東京都,support@menu.inc,https://menu.inc/,可
株式会社Luxonus,医療用画像診断装置開発,京都府,info@luxonus.com,https://luxonus.com/,可
株式会社ビビッドガーデン,農産物直販プラットフォーム,東京都,info@vivid-garden.co.jp,https://vivid-garden.co.jp/,可
atama plus株式会社,教育AIシステム開発,東京都,info@atama.plus,https://atama.plus/,可
株式会社ソニックガーデン,ソフトウェア開発,東京都,info@sonicgarden.jp,https://www.sonicgarden.jp/,可
株式会社ガイアックス,ソーシャルメディア関連事業,東京都,info@gaiax.co.jp,https://www.gaiax.co.jp/,可
株式会社ピースオブケイク,コンテンツプラットフォーム運営,東京都,info@pieceofcake.co.jp,https://www.pieceofcake.co.jp/,可
株式会社ロコタビ,海外在住日本人とのマッチングサービス,東京都,info@locotabi.jp,https://www.locotabi.jp/,可
リモートワークテクノロジーズ株式会社,ソフトウェア開発,東京都,contact@remotetech.jp,https://www.remotetech.jp/,可
オンラインマーケティングジャパン株式会社,マーケティング,大阪府,info@onlinemktg.jp,https://www.onlinemktg.jp/,可
テレワークサポート株式会社,IT・コンサルティング,神奈川県,support@telework.jp,https://www.telework.jp/,可
フルリモートインキュベーション株式会社,スタートアップ支援,福岡県,contact@incubation.jp,https://www.incubation.jp/,可
バーチャルワークス株式会社,VR・ARソリューション,東京都,info@virtualworks.jp,https://www.virtualworks.jp/,可
株式会社ヌーラボ,コラボレーションツール開発,福岡,contact@nulab.com,https://nulab.com/,可
株式会社ビジョナル,人材採用プラットフォーム,東京,info@visional.inc,https://visional.inc/,可
株式会社エウレカ,マッチングアプリ運営,東京,info@eure.jp,https://eure.jp/,可
株式会社グラファー,行政サービスプラットフォーム,東京,info@graffer.jp,https://graffer.jp/,可
株式会社スマートニュース,ニュースアプリ運営,東京,info@smartnews.com,https://www.smartnews.com/,可
株式会社カケハシ,医療関連サービス,東京,info@kakehashi.life,https://kakehashi.life/,可
株式会社アンドパッド,建設業向けSaaS,東京,info@andpad.co.jp,https://andpad.co.jp/,可
株式会社オクト,建設業向けプラットフォーム,東京,info@octo.co.jp,https://octo.co.jp/,可
株式会社マネジメントソリューションズ,コンサルティングサービス,東京,info@msol.co.jp,https://msol.co.jp/,可
株式会社チャットワーク,ビジネスチャット開発,大阪府,info@chatwork.com,https://corp.chatwork.com/ja/,可
株式会社ケアコラボ,福祉向けITサービス,東京都,info@carecollabo.jp,https://carecollabo.jp/,可
株式会社カラビナテクノロジー,クラウドシステム開発,東京都,info@calabina.co.jp,https://www.calabina.co.jp/,可
株式会社Zaim,家計簿アプリ開発,東京都,support@zaim.net,https://zaim.net/,可
株式会社A.C.O.,デザイン・クリエイティブエージェンシー,東京都,info@aco-tokyo.com,https://aco-tokyo.com/,可
株式会社リモートワーク,リモートワーク支援サービス,東京都,info@remotework.co.jp,https://remotework.co.jp/,可
株式会社フルリモ,リモート求人サイト運営,東京都,info@fullremo.jp,https://fullremo.jp/,可
株式会社リモートスタイル,リモートワークコンサルティング,東京都,info@remotestyle.co.jp,https://remotestyle.co.jp/,可
株式会社リモートビズ,リモートツール開発,東京都,info@remotebiz.co.jp,https://remotebiz.co.jp/,可
株式会社リモートエージェント,リモート人材派遣,東京都,info@remoteagent.co.jp,https://remoteagent.co.jp/,可
株式会社リモートプラス,リモート関連サービス,東京都,info@remoteplus.co.jp,https://remoteplus.co.jp/,可
株式会社リモートリンク,リモート支援プラットフォーム,東京都,info@remotelink.co.jp,https://remotelink.co.jp/,可
株式会社リモートサポート,リモートサポートサービス,東京都,info@remotesupport.co.jp,https://remotesupport.co.jp/,可
株式会社サブスクストア,サブスクリプションサービス,東京都,info@substore.co.jp,https://substore.co.jp/,可
株式会社リモートリーダー,リモート人材管理,東京都,info@remotereader.co.jp,https://remotereader.co.jp/,可
株式会社ノハナ,オンライン写真共有,東京都,info@nohana.co.jp,https://nohana.co.jp/,可
株式会社ペイミー,給与管理サービス,東京都,info@payme.co.jp,https://payme.co.jp/,可
株式会社キャディ,製造業DX,東京都,info@caddi.co.jp,https://caddi.co.jp/,可
株式会社Repro,マーケティング分析,東京都,info@repro.co.jp,https://repro.co.jp/,可
ケル株式会社,電子部品・半導体,東京都多摩市,info@kel.jp,https://www.kel.jp/,不明
株式会社アイ・アール・システム,赤外線機器輸入販売・製造,東京都多摩市,info@ir-system.co.jp,https://www.ir-system.co.jp/,不明
株式会社サービスエース,ビル清掃・マンション管理業務,東京都多摩市,info@serviceace.co.jp,https://www.serviceace.co.jp/,不明
東京グリーンシステムズ株式会社,清掃・事務代行サービス,東京都多摩市,info@tokyogreensystems.co.jp,https://www.tokyogreensystems.co.jp/,不明
株式会社コミュニティネット,不動産賃貸業,東京都多摩市,info@communitynet.co.jp,https://www.communitynet.co.jp/,不明
株式会社多摩ユニットサービス,設備管理・清掃業務,東京都多摩市,info@tamaunitservice.co.jp,https://www.tamaunitservice.co.jp/,不明
株式会社東京ワークス,設備工事業,東京都多摩市,info@tokyoworks.co.jp,https://www.tokyoworks.co.jp/,不明
株式会社ペンタくん,総合建設業,東京都多摩市,info@pentakun.co.jp,https://www.pentakun.co.jp/,不明
株式会社多摩ホーム設計,建設業,東京都多摩市,info@tamahomedesign.co.jp,https://www.tamahomedesign.co.jp/,不明
株式会社愛宕,設備工事業,東京都多摩市,info@atago.co.jp,https://www.atago.co.jp/,不明
株式会社ウィズチャイルド,保育サービス,東京都多摩市,info@withchild.co.jp,https://www.withchild.co.jp/,不明
株式会社ジャパン・リサイクル・システム,リサイクル業,東京都多摩市,info@japanrecyclesystem.co.jp,https://www.japanrecyclesystem.co.jp/,不明
株式会社セラウェーブ,製造業,東京都多摩市,info@cerawave.co.jp,https://www.cerawave.co.jp/,不明
株式会社テクノサーチ,製造業,東京都多摩市,info@technosearch.co.jp,https://www.technosearch.co.jp/,不明
株式会社テックラボ,製造業,東京都多摩市,info@techlab.co.jp,https://www.techlab.co.jp/,不明
株式会社泰洋バリュークリエイト,製造業,東京都多摩市,info@taiyo-valuecreate.co.jp,https://www.taiyo-valuecreate.co.jp/,不明
株式会社コスモ設計,設計・試作,東京都多摩市,info@cosmodesign.co.jp,https://www.cosmodesign.co.jp/,不明
株式会社オフィスプラス,オフィス機器販売,東京都多摩市,info@officeplus.co.jp,https://www.officeplus.co.jp/,不明
株式会社テールナビ,蓄光・蛍光体製品販売,東京都多摩市,info@tailnavi.co.jp,https://www.tailnavi.co.jp/,不明
株式会社ウッドベル,プラスチック製品製造,東京都多摩市,info@woodbell.co.jp,https://www.woodbell.co.jp/,不明
株式会社エコノフリーズ,建設業・メンテナンス,東京都港区,info@econofreeze.co.jp,https://www.econofreeze.co.jp/,不明
株式会社GATARI,IT・Mixed Reality,東京都渋谷区,info@gatari.co.jp,https://www.gatari.co.jp/,不明
株式会社グレースイメージング,ヘルスケア・データ分析,東京都千代田区,info@graceimaging.co.jp,https://www.graceimaging.co.jp/,不明
nat株式会社,IT・スキャニング技術,東京都中央区,info@nat.co.jp,https://www.nat.co.jp/,不明
株式会社Xenoma,ウェアラブルデバイス,東京都文京区,info@xenoma.co.jp,https://www.xenoma.co.jp/,不明
株式会社チトセロボティクス,ロボット制御ソフトウェア,東京都新宿区,info@chitose-robotics.co.jp,https://www.chitose-robotics.co.jp/,不明
株式会社toraru,分身サービス,東京都台東区,info@toraru.co.jp,https://www.toraru.co.jp/,不明
株式会社X,メタバース採用,東京都墨田区,info@x.co.jp,https://www.x.co.jp/,不明
株式会社オムニア・コンチェルト,環境統合制御盤,東京都江東区,info@omnia-concerto.co.jp,https://www.omnia-concerto.co.jp/,不明
株式会社オンチップ・バイオテクノロジーズ,バイオテクノロジー,東京都品川区,info@on-chip.co.jp,https://www.on-chip.co.jp/,不明
株式会社CuboRex,ロボット開発,東京都目黒区,info@cuborex.co.jp,https://www.cuborex.co.jp/,不明
株式会社ジコゼロ,労働災害防止サービス,東京都大田区,info@zikozero.co.jp,https://www.zikozero.co.jp/,不明
テックタッチ株式会社,IT・SaaS,東京都世田谷区,info@techtouch.co.jp,https://www.techtouch.co.jp/,不明
株式会社Preferred Robotics,ロボット開発,東京都渋谷区,info@preferred-robotics.co.jp,https://www.preferred-robotics.co.jp/,不明
株式会社MizLinx,ヘルスケアモニタリング,東京都中野区,info@mizlinx.co.jp,https://www.mizlinx.co.jp/,不明
株式会社アールイー,Webデザイン・制作,神奈川県横浜市中区,info@re-web.co.jp,https://www.re-web.co.jp/,不明
株式会社シンクスバンク,IT教育・研修,神奈川県川崎市,info@thinkbank.jp,https://www.thinkbank.jp/,不明
株式会社エクシオグループ,ITソリューション,神奈川県横浜市西区,info@exeo.co.jp,https://www.exeo.co.jp/,不明
株式会社アイ・エム・ジェイ,デジタルマーケティング,神奈川県横浜市,info@imjp.co.jp,https://www.imjp.co.jp/,不明
株式会社システムインテグレータ,ソフトウェア開発,神奈川県川崎市,info@si.co.jp,https://www.si.co.jp/,不明
株式会社エス・エム・エス,医療・介護情報サービス,神奈川県横浜市,info@bm-sms.co.jp,https://www.bm-sms.co.jp/,不明
株式会社エクシング,音楽・映像配信サービス,神奈川県横浜市,info@xing.co.jp,https://www.xing.co.jp/,不明
株式会社エヌ・ティ・ティ・データ,ITサービス,神奈川県川崎市,info@nttdata.com,https://www.nttdata.com/jp/ja/,不明
株式会社シーエーシー,ITコンサルティング,神奈川県横浜市,info@cac.co.jp,https://www.cac.co.jp/,不明
株式会社エス・エム・エスキャリア,人材サービス,神奈川県横浜市,info@sms-c.co.jp,https://www.sms-c.co.jp/,不明
株式会社エーアンドエー,Webサイト企画・制作・運用,大阪府大阪市中央区,info@aanda.co.jp,https://www.aanda.co.jp/,不明
株式会社ラージックウェーブ,システムインテグレータ・ソフトハウス,大阪府大阪市,info@largicwave.co.jp,https://www.largicwave.co.jp/,不明
株式会社オフィスオフサイド,Webデザイン・制作,大阪府大阪市,info@officeoffside.co.jp,https://www.officeoffside.co.jp/,不明
株式会社ステラ,IT事業・Webデザイン,大阪府大阪市,info@stella.co.jp,https://www.stella.co.jp/,不明
株式会社ルミナス,Webデザイン・制作,大阪府大阪市,info@luminous.co.jp,https://www.luminous.co.jp/,不明
株式会社タノシーク,Webマーケティング・ネット広告,大阪府大阪市,info@tanoshiku.co.jp,https://www.tanoshiku.co.jp/,不明
株式会社サクラアルカス,システムインテグレータ・ソフトハウス,大阪府大阪市,info@sakura-arcus.co.jp,https://www.sakura-arcus.co.jp/,不明
株式会社ファンズデータ,Webデザイン・制作,大阪府大阪市,info@fansdata.co.jp,https://www.fansdata.co.jp/,不明
株式会社ココデザイン,Webデザイン・制作,大阪府大阪市,info@cocodesign.co.jp,https://www.cocodesign.co.jp/,不明
株式会社ブレストメディアサポート,メディア運営・Web制作,大阪府大阪市,info@breastmedia.co.jp,https://www.breastmedia.co.jp/,不明
株式会社アスパーク,ITエンジニアリングサービス,広島県広島市,info@aspark.co.jp,https://www.aspark.co.jp/,不明
株式会社システムエンタープライズ,ソフトウェア開発,岡山県岡山市,info@system-enterprise.co.jp,https://www.system-enterprise.co.jp/,不明
株式会社エム・シー・ケー,Web制作・システム開発,広島県福山市,info@mck-web.co.jp,https://www.mck-web.co.jp/,不明
株式会社アイ・エム・シー,ITコンサルティング,山口県山口市,info@imc-jp.com,https://www.imc-jp.com/,不明
株式会社システムズナカシマ,ソフトウェア開発,岡山県倉敷市,info@systems-nakashima.co.jp,https://www.systems-nakashima.co.jp/,不明
株式会社ヘラルボニー,アート・福祉,岩手県盛岡市,info@heralbony.com,https://www.heralbony.com/,不明
炎重工株式会社,製造業,岩手県滝沢市,info@enjukou.com,https://www.enjukou.com/,不明
エーアイシルク株式会社,バイオテクノロジー,宮城県仙台市,info@aisilk.com,https://www.aisilk.com/,不明
パワースピン株式会社,エネルギー,宮城県仙台市,info@powerspin.com,https://www.powerspin.com/,不明
ボールウェーブ株式会社,計測機器,宮城県仙台市,info@ballwave.jp,https://www.ballwave.jp/,不明
株式会社マテリアル・コンセプト,材料開発,宮城県仙台市,info@material-concept.com,https://www.material-concept.com/,不明
株式会社GRA,農業,宮城県山元町,info@gra-inc.jp,https://www.gra-inc.jp/,不明
Spiber株式会社,バイオテクノロジー,山形県鶴岡市,info@spiber.jp,https://www.spiber.jp/,不明
株式会社メタジェン,バイオテクノロジー,山形県鶴岡市,info@metagen.co.jp,https://www.metagen.co.jp/,不明
株式会社リクルートマーケティングパートナーズ,人材サービス,宮城県仙台市,info@recruit-mp.co.jp,https://www.recruit-mp.co.jp/,不明
株式会社TechWave,ITコンサルティング,東京都,info@techwave.co.jp,https://techwave.co.jp,可
株式会社GreenEnergy,再生可能エネルギー,大阪府,contact@greenenergy.jp,https://greenenergy.jp,不明
株式会社EduFuture,教育テクノロジー,福岡県,support@edufuture.com,https://edufuture.com,可
株式会社サクラカゴ,ITサービス,東京都千代田区,info@sakurakago.co.jp,https://sakurakago.co.jp,可
タマリビング株式会社,不動産,東京都港区,contact@tamaliving.co.jp,https://tamaliving.co.jp,不明
株式会社海谷工務店,建設業,東京都清瀬市,info@umitani.co.jp,https://umitani.co.jp,不明
デライトワークス株式会社,ゲーム開発,東京都西東京市,support@delightworks.co.jp,https://delightworks.co.jp,可
株式会社新光建物,不動産管理,東京都豊島区,info@shinko-tatemono.co.jp,https://shinko-tatemono.co.jp,不明
株式会社格致教育グループ,教育サービス,東京都新宿区,contact@kakuchi-edu.co.jp,https://kakuchi-edu.co.jp,可
合同会社うーまのおはな,飲食業,東京都中央区,info@uma-no-hana.co.jp,https://uma-no-hana.co.jp,不明
株式会社ミライル,ITコンサルティング,東京都渋谷区,contact@mirail.co.jp,https://mirail.co.jp,可
株式会社メディスリープ,医療機器,東京都品川区,info@medisleep.co.jp,https://medisleep.co.jp,不明
HEホールディングス株式会社,持株会社,神奈川県横浜市,contact@he-holdings.co.jp,https://he-holdings.co.jp,不明
株式会社イビサ,製造業（革製品）,埼玉県川口市芝3丁目2番3号,info@ibiza.co.jp,https://www.ibiza.co.jp,不明
坂東電線株式会社,製造業（電子機器用ケーブル）,埼玉県朝霞市膝折町4丁目20番16号,info@bando-densen.co.jp,https://www.bando-densen.co.jp,不明
株式会社キャステック,製造業（自動車金型部品）,埼玉県加須市豊野台2丁目717番地6号,info@castec.co.jp,https://www.castec.co.jp,不明
シチズンマイクロ株式会社,製造業（ギヤードモーター）,埼玉県日高市大字高麗本郷712番地,info@citizen-micro.co.jp,https://www.citizen-micro.co.jp,不明
日本伸管株式会社,製造業（アルミ部品）,埼玉県新座市中野1丁目10番22号,info@nihon-shinkan.co.jp,https://www.nihon-shinkan.co.jp,不明
株式会社ハイデイ日高,外食業（中華料理店運営）,埼玉県さいたま市大宮区大門町2丁目118番地,info@hidakaya.co.jp,https://www.hidakaya.co.jp,不明
テイシン警備株式会社,サービス業（警備業）,埼玉県さいたま市南区南本町2丁目14番15号,info@teishin.co.jp,https://www.teishin.co.jp,不明
株式会社サンファミリー,運輸・物流業,埼玉県三郷市上口字皿沼891番1,info@sunfamily.co.jp,https://www.sunfamily.co.jp,不明
ロジスティード関東株式会社,運輸・物流業,埼玉県さいたま市大宮区桜木町1丁目12番地7,info@logisteed-kanto.co.jp,https://www.logisteed-kanto.co.jp,不明
株式会社ジョイマート,小売業（スーパーマーケット運営）,埼玉県春日部市小渕243番地,info@joymart.co.jp,https://www.joymart.co.jp,不明
株式会社サイサン,エネルギー業（LPガス販売）,埼玉県さいたま市大宮区桜木町1丁目11番地5,info@saisan.co.jp,https://www.saisan.co.jp,不明
キヤノンファインテックニスカ株式会社,製造業（事務機器）,埼玉県三郷市中央1丁目14番地1,info@cfn.canon,https://www.cfn.canon,不明
株式会社トラストシップ,運輸・物流業（宅配サービス）,埼玉県所沢市大字城1番地の1,info@trustship.coop,https://www.trustship.coop,不明
株式会社カワチ薬品,小売業（ドラッグストア運営）,栃木県小山市大字卒島1293番地,info@kawachi.co.jp,https://www.kawachi.co.jp,不明
株式会社コジマ,小売業（家電量販店運営）,栃木県宇都宮市星が丘2丁目1番8号,info@kojima.net,https://www.kojima.net,不明
キヤノンメディカルシステムズ株式会社,製造業（医療機器）,栃木県大田原市下石上1385番地,info@canon-medical.com,https://www.canon-medical.com,不明
国分関信越株式会社,卸売業（食品・酒類）,栃木県小山市大字出井1211番地4,info@kokubu.co.jp,https://www.kokubu.co.jp,不明
藤井産業株式会社,建設業（電気工事）,栃木県宇都宮市平出工業団地41番地3,info@fujii.co.jp,https://www.fujii.co.jp,不明
ホンダエンジニアリング株式会社,製造業（自動車部品）,栃木県芳賀郡芳賀町芳賀台6番地1,info@honda-eng.com,https://www.honda-eng.com,不明
東京鐵鋼株式会社,製造業（鉄鋼）,栃木県小山市大字横倉新田520番地,info@tokyo-steel.co.jp,https://www.tokyo-steel.co.jp,不明
株式会社TKC,情報通信業（ソフトウェア開発）,栃木県宇都宮市鶴田町1758番地,info@tkc.co.jp,https://www.tkc.co.jp,不明
グランディハウス株式会社,建設業（住宅建設）,栃木県宇都宮市大通り4丁目3番18号,info@grandy.co.jp,https://www.grandy.co.jp,不明
株式会社栃木銀行,金融業（銀行業）,栃木県宇都宮市西2丁目1番18号,info@tochigibank.co.jp,https://www.tochigibank.co.jp,不明
株式会社Genki Global Dining Concepts,飲食業（寿司チェーン運営）,栃木県宇都宮市上大曽町320番地2,info@genki-sushi.com,https://www.genki-sushi.com,不明
株式会社アグリゲート,農業,東京都,info@aggregate.co.jp,https://aggregate.co.jp,可
株式会社イノベーション,ITサービス,東京都,contact@innovation.co.jp,https://innovation.co.jp,可
株式会社feat,ソフトウェア開発,横浜市中区,info@feat.co.jp,https://feat.co.jp,可
冒険社プラコレ,メディア制作,横浜市西区,contact@placole.jp,https://placole.jp,可
スカイファーム株式会社,ITサービス,横浜市中区,info@skyfarm.co.jp,https://skyfarm.co.jp,可
株式会社さくら住宅,リフォーム,横浜市栄区,info@sakurajutaku.co.jp,https://sakurajutaku.co.jp,不明
株式会社陣屋コネクト,ITサービス,秦野市,info@jinya-connect.co.jp,https://jinya-connect.co.jp,可
ルートレック・ネットワークス株式会社,アグリテック,川崎市高津区,info@rootr.co.jp,https://rootr.co.jp,可
株式会社AsMama,ITサービス,横浜市中区,info@asmama.co.jp,https://asmama.co.jp,可
株式会社Contrail,システム開発,横浜市中区,info@contrail.co.jp,https://contrail.co.jp,可
LexxPluss株式会社,ロボット開発,川崎市幸区,info@lexxpluss.com,https://lexxpluss.com,可
ニュートラルワークス株式会社,デジタルマーケティング,藤沢市,info@neutralworks.jp,https://neutralworks.jp,可
株式会社ProVision,ITサービス,横浜市西区,info@provision.co.jp,https://provision.co.jp,可
Hamee株式会社,ECサービス,小田原市,info@hamee.co.jp,https://hamee.co.jp,可
株式会社ジェイエスピー,SaaS開発,横浜市西区,info@jsp.co.jp,https://jsp.co.jp,可
株式会社未来ボックス,システム開発,横浜市中区,info@mirai-box.co.jp,https://mirai-box.co.jp,可
株式会社分析屋,データ分析,藤沢市,info@bunsekiya.co.jp,https://bunsekiya.co.jp,可
UNITED ASIA株式会社,コンサルティング,東京都港区南青山2丁目2番15号ウィン青山942,info@unitedasia.co.jp,https://unitedasia.co.jp,不明
株式会社チームラボ,IT・デザイン,東京都千代田区,info@team-lab.com,https://www.team-lab.com/,可
株式会社LUUP,モビリティ,東京都渋谷区,contact@luup.sc,https://luup.sc/,可
株式会社Aill,AI・マッチング,東京都港区,info@aill.co.jp,https://aill.co.jp/,可
株式会社ICHIGO,EC・サブスクリプション,東京都港区,support@ichigo.co.jp,https://ichigo.co.jp/,可
株式会社ispace,宇宙開発,東京都中央区,contact@ispace-inc.com,https://ispace-inc.com/,可
株式会社オルツ,AI・テクノロジー,東京都港区,info@alt.ai,https://alt.ai/,可
株式会社pivot,メディア,東京都渋谷区,contact@pivot.inc,https://pivot.inc/,可
株式会社クラシコム,EC・ライフスタイル,東京都国立市,info@kurashicom.jp,https://kurashicom.jp/,可
株式会社HIKKY,VR・メタバース,東京都渋谷区,info@hikky.life,https://hikky.life/,可
株式会社SkyDrive,モビリティ,東京都新宿区,contact@skydrive.co.jp,https://skydrive.co.jp/,可
株式会社アクティブソフト,ソフトウェア開発,東京都八王子市,info@activesoft.co.jp,https://www.activesoft.co.jp,可
株式会社カカクコム,価格比較サイト運営,東京都渋谷区,info@kakaku.com,https://kakaku.com,可
株式会社オウケイウェイヴ,Q&Aサイト運営,東京都渋谷区,info@okwave.co.jp,https://www.okwave.co.jp,可
株式会社メタップスリンクス,ブロックチェーン,東京都港区,info@metapslinks.com,https://metapslinks.com,可
株式会社ABCデザイン,デザイン制作,東京都,info@abcdesign.co.jp,https://abcdesign.co.jp,可
株式会社XYZソリューションズ,ITソリューション,大阪府,contact@xyzsolutions.jp,https://xyzsolutions.jp,不可
株式会社クリエイティブワークス,クリエイティブ制作,福岡県,support@creativeworks.jp,https://creativeworks.jp,可
株式会社SASI,経営コンサルティング,兵庫県宝塚市,info@sasi.co.jp,https://www.sasi.co.jp/,可
株式会社SEEKAD,Web制作,大阪府大阪市,contact@seekad.jp,https://www.seekad.jp/,可
株式会社ニコットラボ,デザイン制作,東京都,info@nicotlab.com,https://www.nicotlab.com/,可
株式会社セルインタラクティブ,Web開発,東京都,info@cellinteractive.co.jp,https://www.cellinteractive.co.jp/,可
株式会社ウィット,広告制作,大阪府高槻市,info@wit-ad.co.jp,https://www.wit-ad.co.jp/,可
株式会社SARUCREW,広告代理店,東京都,info@sarucrew.co.jp,https://www.sarucrew.co.jp/,可
株式会社リバリコ,コンサルティング,東京都,info@rivalico.co.jp,https://www.rivalico.co.jp/,可
株式会社デザインハウス,デザイン制作会社,東京都,info@designhouse.co.jp,https://www.designhouse.co.jp,可
株式会社クリエイティブリンク,クリエイティブエージェンシー,大阪府,contact@creativelink.jp,https://www.creativelink.jp,可
株式会社トリニアス,デジタルマーケティング,東京都新宿区,info@trinias.jp,https://trinias.jp,可
株式会社LULL,Web制作・SES,東京都渋谷区,contact@lull.jp,https://lull.jp,可
株式会社ARPEGGIO,IT・Web教育,東京都目黒区,info@arpeggio.jp,https://arpeggio.jp,可
株式会社ブリーズシェアード,システム開発・デジタルコンテンツ,東京都港区,contact@breezeshared.jp,https://breezeshared.jp,可
株式会社Buzzestry,プログラミング教育,東京都世田谷区,info@buzzestry.jp,https://buzzestry.jp,可
株式会社FAM,Web事業・開発支援,東京都新宿区,contact@fam.jp,https://fam.jp,可
株式会社アクセライズ,IT人材サービス,東京都千代田区,info@accelrise.jp,https://accelrise.jp,可
株式会社EPILOGO,IT研修サービス,東京都渋谷区,contact@epilogo.jp,https://epilogo.jp,可
株式会社Y&I Group,IT/Web受託開発,東京都千代田区,info@yigroup.jp,https://yigroup.jp,可
株式会社T's agency,Web制作・デザイン,東京都新宿区,contact@tsagency.jp,https://tsagency.jp,可
株式会社エスエス・ファシリティーズ,医療業界専門人材紹介,東京都新宿区新宿,info@ss-facilities.co.jp,https://ss-facilities.co.jp,可
株式会社ジェネレーションパス,ECマーケティング,東京都新宿区西新宿,contact@generationpass.jp,https://generationpass.jp,可
株式会社ニューロマジック,サービスデザイン,東京都中央区築地,recruit@neuromagic.com,https://neuromagic.com,可
株式会社NTTデータ・スマートソーシング,ITサービス,東京都江東区豊洲,contact@nttdata-smart.co.jp,https://nttdata-smart.co.jp,可
株式会社TeAmo,ECサイト運営,東京都新宿区四谷,recruit@teamo.co.jp,https://teamo.co.jp,可
株式会社インクルードデザイン,ブランディング・デザイン,東京都渋谷区,contact@includedesign.co.jp,https://includedesign.co.jp,可
株式会社モーク・ワン,Webデザイン・開発,東京都新宿区,info@moakone.co.jp,https://moakone.co.jp,可
有限会社創・庵,Web制作・カフェ運営,東京都目黒区祐天寺,contact@souan.co.jp,https://souan.co.jp,可
株式会社アップドラフト,広告制作・CM制作,東京都豊島区南池袋,recruit@updraft.co.jp,https://updraft.co.jp,可
株式会社ファンレボ,IT・ソフトウェア開発,東京都港区,info@fanrevo.com,https://fanrevo.com,可
株式会社ミライク,Web制作・開発,東京都中央区,contact@miraiku.co.jp,https://miraiku.co.jp,可
株式会社１０バトン,ゲーム・CG制作,東京都渋谷区,recruit@10baton.co.jp,https://10baton.co.jp,可
H.R.I株式会社,IT・Web開発,東京都新宿区,hr@hri.co.jp,https://hri.co.jp,可
株式会社Ｃｒｅａｔａｌ・Ｗｏｒｋｓ,Webデザイン・制作,東京都台東区,info@creatalworks.com,https://creatalworks.com,可
株式会社ＴｅＡｍｏ,ECサイト運営・コーディング,東京都新宿区,support@teamo.co.jp,https://teamo.co.jp,可
アイリスオーヤマ株式会社,家電・LED照明,東京都港区,recruit@irisohyama.co.jp,https://irisohyama.co.jp,可
ビューティー企画株式会社,美容機器・化粧品開発,東京都中央区,info@beautyplanning.co.jp,https://beautyplanning.co.jp,可
株式会社誠鋼社,美容医療機器開発・販売,東京都千代田区,info@seikosya.co.jp,https://seikosya.co.jp,可
株式会社メディカルフューチャー,医療サービス運営,東京都中央区,contact@medicalfuture.co.jp,https://medicalfuture.co.jp,可
株式会社WONDER STYLE,ECサイト運営,東京都渋谷区,info@wonderstyle.co.jp,https://wonderstyle.co.jp,可
株式会社ＮＴＴデータ・スマートソーシング,ITサービス,東京都江東区,info@nttdata-smart.co.jp,https://nttdata-smart.co.jp,可
株式会社Miraie,システム開発,東京都,contact@miraie.jp,https://miraie.jp,可
株式会社ワールドウィング,自動車関連商品販売,千葉県,support@worldwing.co.jp,https://worldwing.co.jp,不明
株式会社D.I.Works,ITスクール運営,東京都,info@diworks.jp,https://diworks.jp,可
株式会社Relationship Innovation,Webマーケティング,東京都,contact@relationship-innovation.jp,https://relationship-innovation.jp,可
フルスタック株式会社,システム開発,東京都,info@fullstack.co.jp,https://fullstack.co.jp,可
株式会社ブリーズUSER,ITサービス,東京都,info@breezeuser.co.jp,https://breezeuser.co.jp,可
LiT株式会社,ゲーム開発,東京都,contact@lit.co.jp,https://lit.co.jp,可
株式会社NEW GATE,エンジニアリング,東京都,info@newgate.co.jp,https://newgate.co.jp,可
株式会社EPILEGO,IT研修サービス,東京都,contact@epilego.jp,https://epilego.jp,可
Y&I Group株式会社,IT/Web開発,東京都,info@y-and-i.jp,https://y-and-i.jp,可
株式会社MIRDIS,スタートアップベンチャー,東京都港区,info@mirdis.co.jp,https://mirdis.co.jp,可
株式会社Ships,Web事業,東京都品川区,contact@ships.co.jp,https://ships.co.jp,可
株式会社FreedJob,Webデザイン,埼玉県さいたま市,info@freedjob.co.jp,https://freedjob.co.jp,可
株式会社スタイリングライフ・ホールディングス,生活雑貨運営,東京都新宿区,recruit@stylinglife.co.jp,https://stylinglife.co.jp,可
株式会社オープンハウスグループ,不動産,東京都中央区,career@openhouse-group.co.jp,https://openhouse-group.co.jp,可
株式会社ロビー,Web戦略,東京都新宿区,info@lobby.co.jp,https://lobby.co.jp,可
株式会社ブルックスホールディングス,複合施設運営,神奈川県松田町,contact@brooks.co.jp,https://brooks.co.jp,可
株式会社ナハト,Web広告代理店,東京都渋谷区,recruit@nacht.co.jp,https://nacht.co.jp,可
株式会社オープンドア,Web運営,東京都港区,info@opendoor.co.jp,https://opendoor.co.jp,可
株式会社CHINTAI,不動産情報サービス,東京都港区,recruit@chintai.co.jp,https://chintai.co.jp,可
株式会社クリーク・アンド・リバー社,クリエイターエージェンシー,東京都千代田区,info@c-r.co.jp,https://c-r.co.jp,可
株式会社マッシュデザインラボ,アパレルブランド運営,東京都千代田区,recruit@mashdesignlab.co.jp,https://mashdesignlab.co.jp,可
株式会社EXIDEA,Webマーケティング,東京都台東区,career@exidea.co.jp,https://exidea.co.jp,可
株式会社セガ,エンターテインメント,東京都品川区,recruit@sega.co.jp,https://sega.co.jp,可
株式会社ニンニンドットコム,Web制作・デザイン,東京都渋谷区,info@ninnin.com,https://ninnin.com,可
株式会社Riglef,Webマーケティング,東京都千代田区,contact@riglef.co.jp,https://riglef.co.jp,可
株式会社Onfleek Agent,人材紹介・採用支援,東京都新宿区,recruit@onfleek.co.jp,https://onfleek.co.jp,可
株式会社コンフィデンス・インターワークス,ゲーム開発・クリエイティブ,東京都豊島区,career@confidence.co.jp,https://confidence.co.jp,可
株式会社PR TIMES,PR・ニュースリリース配信,東京都千代田区,info@prtimes.co.jp,https://prtimes.co.jp,可
株式会社ventus,Webサービス開発・運用,東京都文京区,support@ventus.co.jp,https://ventus.co.jp,可
FameAgle新卒部門,Webデザイン・制作,東京都千代田区,recruit@fameagle.co.jp,https://fameagle.co.jp,可
Barista株式会社,ゲーム開発・デザイン,東京都渋谷区,info@barista.co.jp,https://barista.co.jp,可
株式会社FRAMELUNCH,Web開発・デザイン,東京都渋谷区,contact@framelunch.co.jp,https://framelunch.co.jp,可
株式会社Effecters,Webデザイン・インターン,東京都渋谷区,intern@effecters.co.jp,https://effecters.co.jp,可
サムライト株式会社,コンテンツマーケティング,東京都港区,info@samurai-inc.jp,https://samurai-inc.jp,可
株式会社イングリウッド,EC運営・コンサルティング,東京都渋谷区,recruit@inglewood.co.jp,https://inglewood.co.jp,可
株式会社いえらぶGROUP,不動産情報サービス,東京都新宿区,career@ielove.co.jp,https://ielove.co.jp,可
株式会社ラフライフ,Webデザイン・制作,東京都中央区,info@roughlife.co.jp,https://roughlife.co.jp,可
株式会社NOE,Webデザイン・研修,東京都江戸川区,recruit@noe.co.jp,https://noe.co.jp,可
株式会社FAKE,デザインコンサルティング,東京都渋谷区,contact@fake.co.jp,https://fake.co.jp,可
オーガニックグループ株式会社,Webマーケティング・コンサル,東京都渋谷区,info@organic-group.co.jp,https://organic-group.co.jp,可
株式会社ブルーノート・ジャパン,エンターテインメント,東京都港区,recruit@bluenote.co.jp,https://bluenote.co.jp,可
株式会社H&K,Web制作・デザイン,神奈川県横浜市,info@hk.co.jp,https://hk.co.jp,可
アクシスコンサルティング株式会社,人材紹介・IT特化,東京都千代田区,info@axc-g.co.jp,https://axc-g.co.jp,可能